<queries>
    <query name="co.schoolCal.classEnrollments" coreTable="cc" flattened="true">
        <columns>
            <column column="cc.sectionId">class_fk</column>
            <column column="cc.sectionId">section_id</column>
            <column column="students.person_id">person_fk</column>
            <column column="students.id">student_id</column>
            <column column="students.lastfirst">start_date</column>
            <column column="students.lastfirst">end_date</column>
        </columns>
        <sql>
        <![CDATA[
            WITH
            currentYearId as (
                SELECT
                    MAX(EXTRACT(year FROM SYSDATE) - ((GREATEST(-1, LEAST(0, (EXTRACT(month FROM SYSDATE) - 7))) * -1)+1990)) as yearId
                FROM gen
            )
            SELECT
                ABS(cc.sectionId) as class_fk
                , ABS(cc.sectionId) as section_id
                , s.person_id as person_fk
                , s.id as student_id
                , TO_CHAR(cc.dateEnrolled, 'MM/DD/YYYY') as start_date
                , TO_CHAR(cc.dateLeft, 'MM/DD/YYYY') as end_date
            FROM cc
                INNER JOIN terms t
                on t.id = cc.termId
                and t.schoolId = cc.schoolId
                and t.yearId = (SELECT yearId FROM currentYearId)

                INNER JOIN students s
                on s.id = cc.studentId
                and s.enroll_status = 0
            ORDER BY 1
		]]>
        </sql>
    </query>
    <query name="co.schoolCal.classMeetingsTimes" coreTable="section_meeting" flattened="true">
        <columns>
            <column column="sections.id">class_fk</column>
            <column column="sections.id">section_id</column>
            <column column="schools.school_number">school_fk</column>
            <column column="terms.abbreviation">gradingPeriod</column>
            <column column="terms.abbreviation">meeting_date</column>
            <column column="bell_schedule.name">bell_schedule</column>
            <column column="bell_schedule.name">block_name</column>
            <column column="bell_schedule.name">rotation_day</column>
            <column column="bell_schedule.name">start_time</column>
            <column column="bell_schedule.name">end_time</column>
            <column column="room.id">resource_fk</column>
            <column column="sections.room">section_room_number</column>
        </columns>
        <sql>
        <![CDATA[
            WITH
            currentYearId as (
                SELECT
                    MAX(EXTRACT(year FROM SYSDATE) - ((GREATEST(-1, LEAST(0, (EXTRACT(month FROM SYSDATE) - 7))) * -1)+1990)) as yearId
                FROM gen
            )
            SELECT
                sec.id as class_fk
                , sec.id as section_id
                , sec.schoolId as school_fk
                , tt.abbreviation as gradingPeriod
                , TO_CHAR(cal.date_value, 'MM/DD/YYYY') as meeting_date
                , bs.name as bell_schedule
                , per.name as block_name
                , sm.cycle_day_letter as rotation_day
                , TRUNC(bsi.start_time / 3600) || CHR(58) || TRIM(TO_CHAR(TRUNC((bsi.start_time - (TRUNC(bsi.start_time / 3600)*3600)) / 60), '00')) as start_time
                , TRUNC(bsi.end_time / 3600) || CHR(58) || TRIM(TO_CHAR(TRUNC((bsi.end_time - (TRUNC(bsi.end_time / 3600)*3600)) / 60), '00')) as end_time
                , room.id as resource_fk
                , sec.room as section_room_number
            FROM sections sec
                INNER JOIN section_meeting sm
                ON sm.sectionid = sec.id
                and sm.year_id = (SELECT yearId FROM currentYearId)

                    INNER JOIN period per
                    ON per.period_number = sm.period_number
                    and per.schoolid     = sm.schoolid
                    and per.year_id      = sm.year_id

                INNER JOIN terms tt
                ON tt.id = sec.termId
                and tt.schoolId = sec.schoolId
                and tt.yearId = sm.year_id

                    INNER JOIN ps_calendar_day cal
                    ON cal.schoolid     = tt.schoolid
                    and cal.date_value >= tt.firstDay
                    and cal.date_value <= tt.lastDay
                    and cal.insession   = 1

                        INNER JOIN cycle_day cd
                        ON cd.id = cal.cycle_day_id
                        and cd.letter = sm.cycle_day_letter

                        INNER JOIN bell_schedule bs
                        ON bs.id = cal.bell_schedule_id

                            INNER JOIN bell_schedule_items bsi
                            ON bsi.bell_schedule_id = bs.id
                            and bsi.period_id = per.id
                LEFT OUTER JOIN room
                ON room.room_number = sec.room
                and room.schoolId = sec.schoolId

            ORDER BY sec.id, cal.date_value
		]]>
        </sql>
    </query>
    <query name="co.schoolCal.classTeachers" coreTable="sectionTeacher" flattened="true">
        <columns>
            <column column="teachers.users_dcid">person_fk</column>
            <column column="sectionTeacher.teacherId">teacher_fk</column>
            <column column="sectionTeacher.sectionId">class_fk</column>
            <column column="sectionTeacher.sectionId">section_id</column>
            <column column="roleDef.name">role_type</column>
            <column column="sectionTeacher.start_date">start_date</column>
            <column column="sectionTeacher.end_date">end_date</column>
        </columns>
        <sql>
        <![CDATA[
           WITH
            currentYearId as (
                SELECT
                    MAX(EXTRACT(year FROM SYSDATE) - ((GREATEST(-1, LEAST(0, (EXTRACT(month FROM SYSDATE) - 7))) * -1)+1990)) as yearId
                FROM gen
            )
            SELECT
                tt.users_dcid as person_fk
                , st.teacherId as teacher_fk
                , st.sectionId as class_fk
                , st.sectionId as section_id
                , lt.role_type as role_type
                , TO_CHAR(st.start_date, 'MM/DD/YYYY') as start_date
                , TO_CHAR(st.end_date, 'MM/DD/YYYY') as end_date
            FROM sectionTeacher st
                INNER JOIN (
                    SELECT
                        st.sectionId
                        , st.teacherId
                        , rd.name as role_type
                        , ROW_NUMBER() OVER (PARTITION BY st.sectionId ORDER BY st.start_date DESC) as priorty
                    FROM sectionTeacher st
                        INNER JOIN roleDef rd
                            ON rd.id = st.roleId
                ) lt
                ON lt.sectionId=st.sectionId
                and lt.teacherId = st.teacherId

                INNER JOIN sections ss ON ss.id = st.sectionId

                INNER JOIN terms t
                ON t.id = ss.termId
                and t.schoolId = ss.schoolId
                and t.yearId = (SELECT yearId FROM currentYearId)

                INNER JOIN teachers tt
                ON tt.id = st.teacherId
                and tt.schoolId = ss.schoolId
                and tt.status = 1
            ORDER BY 1
		]]>
        </sql>
    </query>
    <query name="co.schoolCal.classes" coreTable="sections" flattened="true">
        <columns>
            <column column="prefs.name">districtUuid</column>
            <column column="schools.school_number">schoolId</column>
            <column column="sections.id">class_pk</column>
            <column column="sections.id">section_id</column>
            <column column="courses.sched_department">department</column>
            <column column="courses.course_name">course_name</column>
            <column column="courses.course_number">course_code</column>
            <column column="courses.course_number">course_number</column>
            <column column="courses.course_name">status</column>
            <column column="courses.course_name">school_year</column>
            <column column="sectionTeacher.teacherId">primary_teacher_fk</column>
            <column column="teachers.users_dcid">primary_person_fk</column>
            <column column="room.id">resource_fk</column>
            <column column="sections.room">section_room_number</column>
            <column column="sections.section_number">section_number</column>
        </columns>
        <sql>
        <![CDATA[
            WITH
            currentYearId as (
                SELECT
                    MAX(EXTRACT(year FROM SYSDATE) - ((GREATEST(-1, LEAST(0, (EXTRACT(month FROM SYSDATE) - 7))) * -1)+1990)) as yearId
                FROM gen
            )
            SELECT
                (SELECT TO_CHAR(value) FROM prefs WHERE name = 'gvu-districtuuid') as districtId
                , s.schoolId
                , s.id as class_pk
                , s.id as sectionId
                , c.sched_department as department
                , c.course_name
                , c.course_number as course_code
                , c.course_number
                , CASE
                    WHEN t.firstDay > SYSDATE THEN 'future'
                    WHEN t.lastDay <= SYSDATE THEN 'completed'
                    ELSE 'active'
                    END as status
                , (TRUNC(s.termId/100) + 1990) || '-' || (TRUNC(s.termId/100) + 1991) as school_year
                , lt.teacherId as primary_teacher_fk
                , lt.users_dcid as primary_person_fk
                , r.id as resource_fk
                , s.room as sectionRoomName
                , s.section_number as section_number
            FROM courses c
                INNER JOIN sections s
                ON s.course_number = c.course_number
                    LEFT OUTER JOIN room r
                    ON r.room_number = s.room
                    and r.schoolId = s.schoolId

                INNER JOIN terms t
                ON t.id = s.termId
                and t.schoolId = s.schoolId
                and t.yearId = (SELECT yearId FROM currentYearId)

                INNER JOIN (
                    SELECT
                        st.sectionId
                        , st.teacherId
                        , t.users_dcid
                        , ROW_NUMBER() OVER (PARTITION BY st.sectionId ORDER BY st.start_date DESC) as rn
                    FROM sectionTeacher st
                        INNER JOIN roleDef rd
                        ON rd.id = st.roleId
                        and DECODE(LOWER(rd.name), 'lead teacher', 1, 0) = 1
                        INNER JOIN teachers t
                        ON t.id = st.teacherId
                ) lt
                ON lt.sectionId = s.id
                and lt.rn = 1
            ORDER BY c.course_number
		]]>
        </sql>
    </query>
    <query name="co.schoolCal.guardians" coreTable="person" flattened="true">
        <columns>
            <column column="prefs.name">districtUuid</column>
            <column column="schools.school_number">schools</column>
            <column column="codeSet.displayValue">schoolLevels</column>
            <column column="person.id">person_pk</column>
            <column column="person.firstName">firstName</column>
            <column column="person.lastName">lastName</column>
            <column column="emailAddress.emailAddress">email</column>
            <column column="personAddress.street">street</column>
            <column column="personAddress.city">city</column>
            <column column="codeset.code">state</column>
            <column column="personAddress.postalcode">zip</column>
            <column column="phoneNumber.phoneNumber">home_phone</column>
            <column column="phoneNumber.phoneNumber">mobile_phone</column>
        </columns>
        <sql>
        <![CDATA[
            SELECT
                (SELECT TO_CHAR(value) FROM prefs WHERE name = 'gvu-districtuuid') as districtId
                , ps.schoolIds
                , ps.schoolLevels
                , p.id as person_pk
                , p.firstName
                , p.lastName
	            , pe.emailAddress as email
                , ph.street
                , ph.city
                , ph.stateAbbr as state
                , ph.zip
                , hp.phoneNumber as home_phone
                , mp.phoneNumber as mobile_phone
            FROM person p
                INNER JOIN (
                    SELECT
                        p.id
                        , LISTAGG(DISTINCT s.schoolId,',') WITHIN GROUP (ORDER BY s.schoolId) as schoolIds
                        , LISTAGG(DISTINCT cs.displayValue,',') WITHIN GROUP (ORDER BY s.schoolId) as schoolLevels
                    FROM person p
                        INNER JOIN studentContactAssoc sca
                        ON sca.personid = p.id
                        INNER JOIN studentContactDetail scd
                        ON scd.studentcontactassocid = sca.studentcontactassocid AND scd.isActive = 1
                        INNER JOIN students s
                        ON s.dcid = sca.studentdcid
                        INNER JOIN schools sch
                        ON sch.school_number = s.schoolId
                        LEFT OUTER JOIN codeSet cs
                        ON cs.codeSetId = sch.schoolCategoryCodesetId
                    GROUP BY p.id
                    ) ps
                    ON ps.id = p.id
                LEFT OUTER JOIN (
                    SELECT
                        pea.personid
                        , email.emailAddress
                    FROM personEmailAddressAssoc pea
                        INNER JOIN emailAddress email
                        ON email.emailAddressID = pea.emailAddressID
                    WHERE pea.isPrimaryEmailAddress = 1
                    ) pe
                    ON pe.personId = p.id
                LEFT OUTER JOIN (
                    SELECT
                        a.personid
                        , a.street
                        , a.city
                        , a.stateAbbr
                        , a.zip
                    FROM (
                        SELECT
                            row_number() OVER (PARTITION BY paa.personid ORDER BY paa.addressPriorityOrder) addressRow
                            , paa.personid
                            , pa.street
                            , pa.city
                            , UPPER(cs2.code) stateAbbr
                            , pa.postalcode as zip
                            , LOWER(cs.code) addressType
                        FROM personAddressAssoc paa
                            INNER JOIN personAddress pa
                            ON pa.personAddressID = paa.personAddressID
                            INNER JOIN codeset cs
                            ON cs.codesetID = paa.addressTypeCodesetID
                            INNER JOIN codeset cs2
                            ON cs2.codesetID = pa.statesCodesetID
                    ) a
                    WHERE a.addressRow = 1
                ) ph
                ON ph.personId = p.id
                LEFT OUTER JOIN (
                    SELECT
                        p.personid
                        , p.phoneNumber
                    FROM (
                        SELECT
                            ppna.personId
                            , pn.phoneNumber
                            , row_number() OVER (PARTITION BY ppna.personid ORDER BY ppna.isPreferred, ppna.phoneNumberPriorityOrder) priority
                        FROM personPhoneNumberAssoc ppna
                            INNER JOIN phoneNumber pn
                            ON pn.phoneNumberID = ppna.phoneNumberID
                            INNER JOIN codeset cs
                            ON cs.codeSetId = ppna.phoneTypeCodeSetId
                            and cs.code='Home'
                    ) p
                    WHERE p.priority = 1
                ) hp
	            ON hp.personId = p.id
	            LEFT OUTER JOIN (
                    SELECT
                        p.personid
                        , p.phoneNumber
                    FROM (
                        SELECT
                            ppna.personId
                            , pn.phoneNumber
                            , row_number() OVER (PARTITION BY ppna.personid ORDER BY ppna.isPreferred, ppna.phoneNumberPriorityOrder) priority
                        FROM personPhoneNumberAssoc ppna
                            INNER JOIN phoneNumber pn
                            ON pn.phoneNumberID = ppna.phoneNumberID
                            INNER JOIN codeset cs
                            ON cs.codeSetId = ppna.phoneTypeCodeSetId
                            and cs.code='Mobile'
                    ) p
                    WHERE p.priority = 1
                ) mp
	            ON mp.personId = p.id
            WHERE
                p.isActive = 1
            ORDER BY p.id
		]]>
        </sql>
    </query>
    <query name="co.schoolCal.resources" coreTable="room" flattened="true">
        <columns>
            <column column="prefs.name">districtUuid</column>
            <column column="schools.school_number">schoolId</column>
            <column column="codeSet.displayValue">schoolLevel</column>
            <column column="room.building">building</column>
            <column column="room.building">resource_type</column>
            <column column="room.id">roomId</column>
            <column column="room.name">resource_description</column>
            <column column="room.room_number">resource_abbreviation</column>
            <column column="room.room_number">room_number</column>
        </columns>
        <sql>
        <![CDATA[
			SELECT
                (SELECT TO_CHAR(value) FROM prefs WHERE name = 'gvu-districtuuid') as districtId
                , sch.school_number as schoolId
                , cs.displayValue as schoolLevel
                , r.building
                , 'room' as resource_type
                , r.id as roomId
                , r.name as resource_description
                , r.room_number as resource_abbreviation
                , r.room_number
            FROM room r
                INNER JOIN schools sch
                ON sch.school_number = r.schoolId
                LEFT OUTER JOIN codeSet cs
                ON cs.codeSetId = sch.schoolCategoryCodesetId
            ORDER BY sch.school_number, r.id
		]]>
        </sql>
    </query>
    <query name="co.schoolCal.schools" coreTable="schools" flattened="true">
        <columns>
            <column column="prefs.name">districtUuid</column>
            <column column="prefs.name">districtName</column>
            <column column="schools.school_number">schoolId</column>
            <column column="schools.name">schoolName</column>
            <column column="codeSet.displayValue">schoolLevel</column>
        </columns>
        <sql>
        <![CDATA[
			SELECT
                (SELECT TO_CHAR(value) FROM prefs WHERE name = 'gvu-districtuuid') as districtId
                , (SELECT TO_CHAR(value) FROM prefs WHERE name = 'districtname') as districtName
                , schools.school_number as schoolId
                , schools.name as schoolName
                , cs.displayValue as schoolLevel
            FROM schools
                LEFT OUTER JOIN codeSet cs
                ON cs.codeSetId = schools.schoolCategoryCodesetId
            ORDER BY schools.school_number
		]]>
        </sql>
    </query>
    <query name="co.schoolCal.staffulty" coreTable="users" flattened="true">
        <columns>
            <column column="prefs.name">districtUuid</column>
            <column column="schools.school_number">schools</column>
            <column column="codeSet.displayValue">schoolLevels</column>
            <column column="users.dcid">person_pk</column>
            <column column="users.teacherNumber">teacherNumber</column>
            <column column="users.first_name">first_name</column>
            <column column="users.last_name">last_name</column>
            <column column="users.email_addr">email</column>
            <column column="users.title">job_title</column>
            <column column="courses.sched_department">departments</column>
            <column column="teachers.staffstatus">staff_type</column>
            <column column="teachers.status">active</column>
            <column column="users.street">street</column>
            <column column="users.city">city</column>
            <column column="users.state">state</column>
            <column column="users.zip">zip</column>
            <column column="users.home_phone">home_phone</column>
            <column column="teachers.status">teacherIds</column>
        </columns>
        <sql>
        <![CDATA[
            SELECT
                (SELECT TO_CHAR(value) FROM prefs WHERE name = 'gvu-districtuuid') as districtId
                , us.schoolIds
                , us.schoolLevels
                , u.dcid as person_pk
                , u.teacherNumber
                , u.first_name
                , u.last_name
                , u.email_addr as email
                , u.title as job_title
                , ud.departments
                , COALESCE(ud.staffStatus, us.staffStatus) as staffStatus
                , COALESCE(ud.active, 1) as active
                , u.street
                , u.city
                , u.state
                , u.zip
                , u.home_phone
                , us.teacherIds
            FROM users u
                INNER JOIN (
                    SELECT
                        t.users_dcid
                        , LISTAGG(DISTINCT t.id,',') WITHIN GROUP (ORDER BY t.id) as teacherIds
                        , LISTAGG(DISTINCT t.schoolId,',') WITHIN GROUP (ORDER BY t.schoolId) as schoolIds
                        , LISTAGG(DISTINCT cs.displayValue,',') WITHIN GROUP (ORDER BY t.schoolId) as schoolLevels
                        , LISTAGG(DISTINCT DECODE(t.staffstatus, 1, 'Teacher', 2, 'Staff', 3, 'Lunch Staff', 4, 'Substitute', 'Not Assigned'),',') WITHIN GROUP (ORDER BY t.staffstatus) as staffstatus
                    FROM teachers t
                        INNER JOIN schools sch
                        ON sch.school_number = t.schoolId
                            LEFT OUTER JOIN codeSet cs
                            ON cs.codeSetId = sch.schoolCategoryCodesetId
                    WHERE t.status = 1
                    GROUP BY t.users_dcid
                ) us
                ON us.users_dcid = u.dcid
                LEFT OUTER JOIN (
                    SELECT
                        t.users_dcid
                        , LISTAGG(DISTINCT c.sched_department,',') WITHIN GROUP (ORDER BY c.sched_department) as departments
                        , LISTAGG(DISTINCT DECODE(t.staffstatus, 1, 'Teacher', 2, 'Staff', 3, 'Lunch Staff', 4, 'Substitute', 'Not Assigned'),',') WITHIN GROUP (ORDER BY t.staffstatus) as staffstatus
                        , MAX(t.status) as active
                    FROM sections ss
                        INNER JOIN teachers t
                        ON t.id = ss.teacher
                        and t.status = 1

                        INNER JOIN courses c
                        ON c.course_number = ss.course_number
                        and c.sched_department IS NOT NULL
                    GROUP BY t.users_dcid
                ) ud
                ON ud.users_dcid = u.dcid
            ORDER BY 1
		]]>
        </sql>
    </query>
    <query name="co.schoolCal.students" coreTable="students" flattened="true">
        <columns>
            <column column="prefs.name">districtUuid</column>
            <column column="schools.school_number">schoolId</column>
            <column column="codeSet.displayValue">schoolLevel</column>
            <column column="students.person_id">personId</column>
            <column column="students.id">student_id</column>
            <column column="students.student_number">student_number</column>
            <column column="students.first_name">first_name</column>
            <column column="students.last_name">last_name</column>
            <column column="students.grade_level">grade_level</column>
            <column column="students.last_name">email</column>
            <column column="students.street">street</column>
            <column column="students.city">city</column>
            <column column="students.state">state</column>
            <column column="students.zip">zip</column>
            <column column="students.street">dob</column>
            <column column="students.home_phone">home_phone</column>
            <column column="students.student_web_id">user_name</column>
        </columns>
        <sql>
        <![CDATA[
			SELECT
                (SELECT TO_CHAR(value) FROM prefs WHERE name = 'gvu-districtuuid') as districtId
                , sch.school_number as schoolId
                , cs.displayValue as schoolLevel
                , s.person_id as personId
                , s.id as student_id
                , s.student_number
                , s.first_name
                , s.last_name
                , s.grade_level
                , ea.emailAddress as email
                , s.street
                , s.city
                , s.state
                , s.zip
                , TO_CHAR(s.dob, 'MM/DD/YYYY') as dob
                , s.home_phone
                , s.student_web_id as user_name
            FROM students s
                INNER JOIN schools sch ON sch.school_number = s.schoolId
                LEFT OUTER JOIN personEmailAddressAssoc pea on s.person_id=pea.personid
                LEFT OUTER JOIN emailAddress ea on pea.emailaddressid=ea.emailaddressid
                LEFT OUTER JOIN codeSet cs ON cs.codeSetId = sch.schoolCategoryCodesetId
            WHERE
                s.enroll_status = 0
            ORDER BY sch.school_number, s.lastfirst
		]]>
        </sql>
    </query>
    <query name="co.schoolCal.studentContacts" coreTable="studentContactAssoc" flattened="true">
        <columns>
            <column column="students.person_id">personId</column>
            <column column="students.id">student_id</column>
            <column column="students.student_number">student_number</column>
            <column column="codeSet.code">relationship_type</column>
            <column column="person.id">related_person_id</column>
            <column column="studentContactDetail.isCustodial">custody</column>
            <column column="studentContactDetail.livesWithFlg">lives_with</column>
            <column column="studentContactDetail.isEmergency">emergency_contact</column>
        </columns>
        <sql>
        <![CDATA[
			SELECT
                s.person_id as person_pk
                , s.id as student_id
                , s.student_number
                , COALESCE(cs.code, 'Not Set') as relationship_type
                , p.id as related_person_id
                , scd.isCustodial as custody
                , scd.livesWithFlg as lives_with
                , scd.isEmergency as emergency_contact
            FROM studentContactAssoc sca
                INNER JOIN students s
                ON s.dcid = sca.studentDcid
                and s.enroll_status = 0

                INNER JOIN person p
                ON p.id = sca.personId
                and p.isActive = 1

                INNER JOIN studentContactDetail scd
                ON scd.studentcontactassocid = sca.studentcontactassocid
                and scd.isActive = 1

                LEFT OUTER JOIN codeSet cs ON cs.codeSetId = scd.relationshipTypeCodeSetId
            ORDER BY s.person_id
		]]>
        </sql>
    </query>
	<query name="co.schoolCal.bellSchedules" coreTable="bell_schedule_items" flattened="true">
    	<description>Bell Schedule Details</description>
		<args>
			<arg name="currentYear" type="primitive" required="false" default="0"/>
		</args>
    	<columns>
			<column column="bell_schedule.id">bellScheduleId</column>
			<column column="bell_schedule.schoolId">schoolId</column>
			<column column="bell_schedule.year_id">yearId</column>
			<column column="bell_schedule.name">bellScheduleName</column>

			<column column="bell_schedule_items.id">bsItemId</column>
			<column column="bell_schedule_items.start_time">startTime</column>
			<column column="bell_schedule_items.end_time">endTime</column>

			<column column="period.id">periodId</column>
			<column column="period.period_number">periodNumber</column>
			<column column="period.name">periodName</column>
			<column column="period.abbreviation">periodAbbreviation</column>
			<column column="period.sort_order">sortOrder</column>
    	</columns>
    	<sql>
    	<![CDATA[
			WITH
			currentYearId as
			(
				SELECT
					MAX(EXTRACT(year FROM SYSDATE) - ((GREATEST(-1, LEAST(0, (EXTRACT(month FROM SYSDATE) - 7))) * -1)+1990)) as yearId
				FROM gen
			)
			SELECT
				bs.id as bellScheduleId
				, bs.schoolId as schoolId
				, bs.year_id as yearId
				, bs.name as bellScheduleName

				, bsi.id as bsItemId
				, TO_CHAR(CAST(TRUNC(SYSDATE) as timestamp) + bsi.start_time/86400,'HH' || CHR(58) || 'MI AM') as startTime
				, TO_CHAR(CAST(TRUNC(SYSDATE) as timestamp) + bsi.end_time/86400,'HH' || CHR(58) || 'MI AM') as endTime

				, p.id as periodId
				, p.period_number as periodNumber
				, p.name as periodName
				, p.abbreviation as periodAbbreviation
				, p.year_id || '.' || p.schoolId || '.' || p.sort_order as sortOrder

			FROM bell_schedule_items bsi
				INNER JOIN bell_schedule bs
				ON bs.id = bsi.bell_schedule_id
					LEFT OUTER JOIN currentYearId y
					ON y.yearId = bs.year_id

				INNER JOIN period p
				on p.id = bsi.period_id

			WHERE
				CASE
					WHEN NVL(:currentYear, 0) = 1 and bs.year_id = y.yearId THEN 1
					WHEN NVL(:currentYear, 0) = 0 THEN 1
				ELSE 0
				END = 1

			ORDER BY sortOrder
		]]>
    	</sql>
    </query>
	<query name="co.schoolCal.cycleDays" coreTable="cycle_day" flattened="true">
    	<description>Cycle Day Details</description>
		<args>
			<arg name="currentYear" type="primitive" required="false" default="0"/>
		</args>
    	<columns>
			<column column="cycle_day.id">cycleDayId</column>
			<column column="cycle_day.schoolId">schoolId</column>
			<column column="cycle_day.year_id">yearId</column>
			<column column="cycle_day.letter">letter</column>
			<column column="cycle_day.abbreviation">abbreviation</column>
			<column column="cycle_day.day_name">dayName</column>
			<column column="cycle_day.day_number">dayNumber</column>
			<column column="cycle_day.sortOrder">sortOrder</column>
    	</columns>
    	<sql>
    	<![CDATA[
			WITH
			currentYearId as
			(
				SELECT
					MAX(EXTRACT(year FROM SYSDATE) - ((GREATEST(-1, LEAST(0, (EXTRACT(month FROM SYSDATE) - 7))) * -1)+1990)) as yearId
				FROM gen
			)
			SELECT
				cd.id as cycleDayId
				, cd.schoolId as schoolId
				, cd.year_id as yearId
				, cd.letter as letter
				, cd.abbreviation as abbreviation
				, cd.day_name as dayName
				, cd.day_number as dayNumber
				, cd.year_id || '.' || cd.schoolId || '.' || cd.sortOrder as sortOrder
			FROM cycle_day cd
				LEFT OUTER JOIN currentYearId y
				ON y.yearId = cd.year_id
			WHERE
				CASE
					WHEN NVL(:currentYear, 0) = 1 and cd.year_id = y.yearId THEN 1
					WHEN NVL(:currentYear, 0) = 0 THEN 1
				ELSE 0
				END = 1

			ORDER BY sortOrder
		]]>
    	</sql>
    </query>
	<query name="co.schoolCal.calendarDays" coreTable="calendar_day" flattened="true">
    	<description>Calendar Day Details</description>
		<args>
			<arg name="currentYear" type="primitive" required="false" default="0"/>
		</args>
    	<columns>
			<column column="calendar_day.id">calDateId</column>
			<column column="calendar_day.schoolId">schoolId</column>
			<column column="cycle_day.year_id">yearId</column>
			<column column="calendar_day.date_value">calDate</column>
			<column column="calendar_day.inSession">inSession</column>
			<column column="calendar_day.bell_schedule_id">bellScheduleId</column>
			<column column="bell_schedule.name">bellScheduleName</column>
			<column column="calendar_day.cycle_day_id">cycleDayId</column>
			<column column="cycle_day.day_name">dayName</column>
			<column column="cycle_day.sortOrder">sortOrder</column>
    	</columns>
    	<sql>
    	<![CDATA[
			WITH
			currentYearId as
			(
				SELECT
					MAX(EXTRACT(year FROM SYSDATE) - ((GREATEST(-1, LEAST(0, (EXTRACT(month FROM SYSDATE) - 7))) * -1)+1990)) as yearId
				FROM gen
			)
			SELECT
				cal.id as calDateId
				, cal.schoolId as schoolId
				, cd.year_id as yearId
				, TO_CHAR(cal.date_value, 'MM/DD/YYYY') as calDate
				, cal.inSession
				, cal.bell_schedule_id as bellScheduleId
				, bs.name as bellScheduleName
				, cal.cycle_day_id as cycleDayId
				, cd.day_name as dayName
				, cd.schoolId || '.' || TO_CHAR(cal.date_value, 'YYYY-MM-DD') as sortOrder
			FROM calendar_day cal
				INNER JOIN cycle_day cd
				ON cd.id = cal.cycle_day_id
					LEFT OUTER JOIN currentYearId y ON y.yearId = cd.year_id

				INNER JOIN bell_schedule bs
				ON bs.id = cal.bell_schedule_id

			WHERE
				CASE
					WHEN NVL(:currentYear, 0) = 1 and cd.year_id = y.yearId THEN 1
					WHEN NVL(:currentYear, 0) = 0 THEN 1
				ELSE 0
				END = 1
			order by sortOrder
		]]>
    	</sql>
    </query>
    <query name="co.schoolCal.calendarDaysBellSchedules" coreTable="calendar_day" flattened="true">
        <description>Calendar Day and Bell Schedule Item Details</description>
        <args>
            <arg name="currentYearOnly" type="primitive" required="false" default="0"/>
        </args>
        <columns>
            <column column="calendar_day.id">calDateId</column>
            <column column="calendar_day.schoolId">schoolId</column>
            <column column="cycle_day.year_id">yearId</column>
            <column column="calendar_day.date_value">calDate</column>
            <column column="calendar_day.inSession">inSession</column>
            <column column="calendar_day.bell_schedule_id">bellScheduleId</column>
            <column column="bell_schedule.name">bellScheduleName</column>

            <column column="bell_schedule_items.id">bsItemId</column>
            <column column="bell_schedule_items.start_time">startTime</column>
            <column column="bell_schedule_items.end_time">endTime</column>

            <column column="period.id">periodId</column>
            <column column="period.period_number">periodNumber</column>
            <column column="period.name">periodName</column>
            <column column="period.abbreviation">periodAbbreviation</column>
            
            <column column="calendar_day.cycle_day_id">cycleDayId</column>
            <column column="cycle_day.day_name">dayName</column>
            <column column="cycle_day.sortOrder">sortOrder</column>
        </columns>
        <sql>
            <![CDATA[
                WITH
                currentYearId as
                (
                    SELECT
                        MAX(EXTRACT(year FROM SYSDATE) - ((GREATEST(-1, LEAST(0, (EXTRACT(month FROM SYSDATE) - 7))) * -1)+1990)) as yearId
                    FROM gen
                )
                SELECT
                    cal.id as calDateId
                    , cal.schoolId as schoolId
                    , cd.year_id as yearId
                    , TO_CHAR(cal.date_value, 'MM/DD/YYYY') as calDate
                    , cal.inSession
                    , cal.bell_schedule_id as bellScheduleId
                    , bs.name as bellScheduleName
                    , bsi.id as bellScheduleItemId    
                    , TO_CHAR(CAST(TRUNC(SYSDATE) as timestamp) + bsi.start_time/86400,'HH' || CHR(58) || 'MI AM') as startTime
                    , TO_CHAR(CAST(TRUNC(SYSDATE) as timestamp) + bsi.end_time/86400,'HH' || CHR(58) || 'MI AM') as endTime
                    , p.id as periodId
                    , p.period_number as periodNumber
                    , p.name as periodName
                    , p.abbreviation as periodAbbreviation
                    , cal.cycle_day_id as cycleDayId
                    , cd.day_name as dayName
                    , cd.schoolId || '.' || TO_CHAR(cal.date_value, 'YYYY-MM-DD') || '.' || p.period_number as sortOrder
                FROM calendar_day cal
                    INNER JOIN cycle_day cd
                    ON cd.id = cal.cycle_day_id
                        LEFT OUTER JOIN currentYearId y ON y.yearId = cd.year_id
                    INNER JOIN bell_schedule bs
                    ON bs.id = cal.bell_schedule_id
                        INNER JOIN bell_schedule_items bsi
                        ON bsi.bell_schedule_id = bs.id
                            INNER JOIN period p
                            on p.id = bsi.period_id
                WHERE
                    CASE
                        WHEN NVL(:currentYearOnly, 0) = 1 and cd.year_id = y.yearId THEN 1
                        WHEN NVL(:currentYearOnly, 0) = 0 THEN 1
                    ELSE 0
                    END = 1
                order by sortOrder
		    ]]>
        </sql>
    </query>
    <query name="co.schoolCal.periodBlocks" coreTable="period" flattened="true">
        <description>Period (Block) Details</description>
        <args>
            <arg name="currentYearOnly" type="primitive" required="false" default="0"/>
        </args>
        <columns>
            <column column="period.id">periodId</column>
            <column column="period.schoolId">schoolId</column>
            <column column="period.year_id">yearId</column>
            <column column="period.period_number">periodNumber</column>
            <column column="period.name">periodName</column>
            <column column="period.abbreviation">periodAbbreviation</column>
            <column column="period.sort_order">sortOrder</column>
        </columns>
        <sql>
            <![CDATA[
			WITH
            currentYearId as (
                SELECT
                    MAX(EXTRACT(year FROM SYSDATE) - ((GREATEST(-1, LEAST(0, (EXTRACT(month FROM SYSDATE) - 7))) * -1)+1990)) as yearId
                FROM gen
            )
            SELECT
                p.id as periodId
                , p.schoolId
                , p.year_id as yearId
                , p.period_number as periodNumber
                , p.name as periodName
                , p.abbreviation as periodAbbreviation
                , p.sort_order as sortOrder
            FROM period p
            LEFT OUTER JOIN currentYearId y ON y.yearId = p.year_id
            WHERE
                CASE
                    WHEN NVL(:currentYearOnly, 0) = 1 and p.year_id = y.yearId THEN 1
                    WHEN NVL(:currentYearOnly, 0) = 0 THEN 1
                ELSE 0
                END = 1
            ORDER BY p.year_id, p.schoolId, p.sort_Order
		]]>
        </sql>
    </query>
</queries>
